<?xml version="1.0" encoding="UTF-8"?>
<metadata xml:lang="en"><Esri><CreaDate>20170412</CreaDate><CreaTime>09093600</CreaTime><ArcGISFormat>1.0</ArcGISFormat><ArcGISstyle>GISCO Metadata Editor 2012</ArcGISstyle><SyncOnce>FALSE</SyncOnce><DataProperties><lineage><Process ToolSource="c:\program files (x86)\arcgis\desktop10.1\ArcToolbox\Toolboxes\Data Management Tools.tbx\Dissolve" Date="20141126" Time="115442" Name="" export="">Dissolve LAU_2 J:\develop\Database-Updates\URBA_AUDIT\Working\URAU.gdb\AT_CITY AT$.URAU_CITY_ID # MULTI_PART UNSPLIT_LINES</Process><Process ToolSource="c:\program files (x86)\arcgis\desktop10.1\ArcToolbox\Toolboxes\Data Management Tools.tbx\Append" Date="20141126" Time="164424" Name="" export="">Append J:\develop\Database-Updates\URBA_AUDIT\Working\URAU.gdb\BE_CITY;J:\develop\Database-Updates\URBA_AUDIT\Working\URAU.gdb\BG_CITY;J:\develop\Database-Updates\URBA_AUDIT\Working\URAU.gdb\CH_CITY;J:\develop\Database-Updates\URBA_AUDIT\Working\URAU.gdb\CY_CITY;J:\develop\Database-Updates\URBA_AUDIT\Working\URAU.gdb\CZ_CITY;J:\develop\Database-Updates\URBA_AUDIT\Working\URAU.gdb\DE_CITY;J:\develop\Database-Updates\URBA_AUDIT\Working\URAU.gdb\DK_CITY;J:\develop\Database-Updates\URBA_AUDIT\Working\URAU.gdb\EE_CITY;J:\develop\Database-Updates\URBA_AUDIT\Working\URAU.gdb\EL_CITY;J:\develop\Database-Updates\URBA_AUDIT\Working\URAU.gdb\ES_CITY;J:\develop\Database-Updates\URBA_AUDIT\Working\URAU.gdb\FI_CITY;J:\develop\Database-Updates\URBA_AUDIT\Working\URAU.gdb\HR_CITY;J:\develop\Database-Updates\URBA_AUDIT\Working\URAU.gdb\HU_CITY;J:\develop\Database-Updates\URBA_AUDIT\Working\URAU.gdb\IE_CITY;J:\develop\Database-Updates\URBA_AUDIT\Working\URAU.gdb\IS_CITY;J:\develop\Database-Updates\URBA_AUDIT\Working\URAU.gdb\IT_CITY;J:\develop\Database-Updates\URBA_AUDIT\Working\URAU.gdb\LT_CITY;J:\develop\Database-Updates\URBA_AUDIT\Working\URAU.gdb\LU_CITY;J:\develop\Database-Updates\URBA_AUDIT\Working\URAU.gdb\LV_CITY;J:\develop\Database-Updates\URBA_AUDIT\Working\URAU.gdb\MT_CITY;J:\develop\Database-Updates\URBA_AUDIT\Working\URAU.gdb\ND_CITY;J:\develop\Database-Updates\URBA_AUDIT\Working\URAU.gdb\NL_CITY;J:\develop\Database-Updates\URBA_AUDIT\Working\URAU.gdb\NO_CITY;J:\develop\Database-Updates\URBA_AUDIT\Working\URAU.gdb\PL_CITY;J:\develop\Database-Updates\URBA_AUDIT\Working\URAU.gdb\PT_CITY;J:\develop\Database-Updates\URBA_AUDIT\Working\URAU.gdb\RO_CITY;J:\develop\Database-Updates\URBA_AUDIT\Working\URAU.gdb\SE_CITY;J:\develop\Database-Updates\URBA_AUDIT\Working\URAU.gdb\SI_CITY;J:\develop\Database-Updates\URBA_AUDIT\Working\URAU.gdb\SK_CITY;J:\develop\Database-Updates\URBA_AUDIT\Working\URAU.gdb\UK_CITY J:\develop\Database-Updates\URBA_AUDIT\Working\URAU_COMBINED.gdb\AT_CITY NO_TEST "AT__URAU_CITY_ID "AT__URAU_CITY_ID" true true false 255 Text 0 0 ,First,#,J:\develop\Database-Updates\URBA_AUDIT\Working\URAU.gdb\BE_CITY,BE__URAU_CITY_ID,-1,-1,J:\develop\Database-Updates\URBA_AUDIT\Working\URAU.gdb\BG_CITY,BG__URAU_CITY_ID,-1,-1,J:\develop\Database-Updates\URBA_AUDIT\Working\URAU.gdb\CH_CITY,CH__URAU_CITY_ID,-1,-1,J:\develop\Database-Updates\URBA_AUDIT\Working\URAU.gdb\CY_CITY,CY__URAU_CITY_ID,-1,-1,J:\develop\Database-Updates\URBA_AUDIT\Working\URAU.gdb\CZ_CITY,CZ__URAU_CITY_ID,-1,-1,J:\develop\Database-Updates\URBA_AUDIT\Working\URAU.gdb\DE_CITY,DE__URAU_CITY_ID,-1,-1,J:\develop\Database-Updates\URBA_AUDIT\Working\URAU.gdb\DK_CITY,DK__URAU_CITY_ID,-1,-1,J:\develop\Database-Updates\URBA_AUDIT\Working\URAU.gdb\EE_CITY,EE__URAU_CITY_ID,-1,-1,J:\develop\Database-Updates\URBA_AUDIT\Working\URAU.gdb\EL_CITY,EL__URAU_CITY_ID,-1,-1,J:\develop\Database-Updates\URBA_AUDIT\Working\URAU.gdb\ES_CITY,ES__URAU_CITY_ID,-1,-1,J:\develop\Database-Updates\URBA_AUDIT\Working\URAU.gdb\FI_CITY,FI__URAU_CITY_ID,-1,-1,J:\develop\Database-Updates\URBA_AUDIT\Working\URAU.gdb\HR_CITY,HR__URAU_CITY_ID,-1,-1,J:\develop\Database-Updates\URBA_AUDIT\Working\URAU.gdb\HU_CITY,HU__URAU_CITY_ID,-1,-1,J:\develop\Database-Updates\URBA_AUDIT\Working\URAU.gdb\IE_CITY,IE__URAU_CITY_ID,-1,-1,J:\develop\Database-Updates\URBA_AUDIT\Working\URAU.gdb\IS_CITY,IS__URAU_CITY_ID,-1,-1,J:\develop\Database-Updates\URBA_AUDIT\Working\URAU.gdb\IT_CITY,IT__URAU_CITY_ID,-1,-1,J:\develop\Database-Updates\URBA_AUDIT\Working\URAU.gdb\LT_CITY,LT__URAU_CITY_ID,-1,-1,J:\develop\Database-Updates\URBA_AUDIT\Working\URAU.gdb\LU_CITY,LU__URAU_CITY_ID,-1,-1,J:\develop\Database-Updates\URBA_AUDIT\Working\URAU.gdb\LV_CITY,LV__URAU_CITY_ID,-1,-1,J:\develop\Database-Updates\URBA_AUDIT\Working\URAU.gdb\MT_CITY,MT__URAU_CITY_ID,-1,-1,J:\develop\Database-Updates\URBA_AUDIT\Working\URAU.gdb\ND_CITY,UK__URAU_CITY_ID,-1,-1,J:\develop\Database-Updates\URBA_AUDIT\Working\URAU.gdb\NL_CITY,NL__URAU_CITY_ID,-1,-1,J:\develop\Database-Updates\URBA_AUDIT\Working\URAU.gdb\NO_CITY,NO__URAU_CITY_ID,-1,-1,J:\develop\Database-Updates\URBA_AUDIT\Working\URAU.gdb\PL_CITY,PL__URAU_CITY_ID,-1,-1,J:\develop\Database-Updates\URBA_AUDIT\Working\URAU.gdb\PT_CITY,PT__URAU_CITY_ID,-1,-1,J:\develop\Database-Updates\URBA_AUDIT\Working\URAU.gdb\RO_CITY,RO__URAU_CITY_ID,-1,-1,J:\develop\Database-Updates\URBA_AUDIT\Working\URAU.gdb\SE_CITY,SE__URAU_CITY_ID,-1,-1,J:\develop\Database-Updates\URBA_AUDIT\Working\URAU.gdb\SI_CITY,SI__URAU_CITY_ID,-1,-1,J:\develop\Database-Updates\URBA_AUDIT\Working\URAU.gdb\SK_CITY,SK__URAU_CITY_ID,-1,-1,J:\develop\Database-Updates\URBA_AUDIT\Working\URAU.gdb\UK_CITY,UK__URAU_CITY_ID,-1,-1;Shape_Length "Shape_Length" false true true 8 Double 0 0 ,First,#,J:\develop\Database-Updates\URBA_AUDIT\Working\URAU.gdb\BE_CITY,Shape_Length,-1,-1,J:\develop\Database-Updates\URBA_AUDIT\Working\URAU.gdb\BG_CITY,Shape_Length,-1,-1,J:\develop\Database-Updates\URBA_AUDIT\Working\URAU.gdb\CH_CITY,Shape_Length,-1,-1,J:\develop\Database-Updates\URBA_AUDIT\Working\URAU.gdb\CY_CITY,Shape_Length,-1,-1,J:\develop\Database-Updates\URBA_AUDIT\Working\URAU.gdb\CZ_CITY,Shape_Length,-1,-1,J:\develop\Database-Updates\URBA_AUDIT\Working\URAU.gdb\DE_CITY,Shape_Length,-1,-1,J:\develop\Database-Updates\URBA_AUDIT\Working\URAU.gdb\DK_CITY,Shape_Length,-1,-1,J:\develop\Database-Updates\URBA_AUDIT\Working\URAU.gdb\EE_CITY,Shape_Length,-1,-1,J:\develop\Database-Updates\URBA_AUDIT\Working\URAU.gdb\EL_CITY,Shape_Length,-1,-1,J:\develop\Database-Updates\URBA_AUDIT\Working\URAU.gdb\ES_CITY,Shape_Length,-1,-1,J:\develop\Database-Updates\URBA_AUDIT\Working\URAU.gdb\FI_CITY,Shape_Length,-1,-1,J:\develop\Database-Updates\URBA_AUDIT\Working\URAU.gdb\HR_CITY,Shape_Length,-1,-1,J:\develop\Database-Updates\URBA_AUDIT\Working\URAU.gdb\HU_CITY,Shape_Length,-1,-1,J:\develop\Database-Updates\URBA_AUDIT\Working\URAU.gdb\IE_CITY,Shape_Length,-1,-1,J:\develop\Database-Updates\URBA_AUDIT\Working\URAU.gdb\IS_CITY,Shape_Length,-1,-1,J:\develop\Database-Updates\URBA_AUDIT\Working\URAU.gdb\IT_CITY,Shape_Length,-1,-1,J:\develop\Database-Updates\URBA_AUDIT\Working\URAU.gdb\LT_CITY,Shape_Length,-1,-1,J:\develop\Database-Updates\URBA_AUDIT\Working\URAU.gdb\LU_CITY,Shape_Length,-1,-1,J:\develop\Database-Updates\URBA_AUDIT\Working\URAU.gdb\LV_CITY,Shape_Length,-1,-1,J:\develop\Database-Updates\URBA_AUDIT\Working\URAU.gdb\MT_CITY,Shape_Length,-1,-1,J:\develop\Database-Updates\URBA_AUDIT\Working\URAU.gdb\ND_CITY,Shape_Length,-1,-1,J:\develop\Database-Updates\URBA_AUDIT\Working\URAU.gdb\NL_CITY,Shape_Length,-1,-1,J:\develop\Database-Updates\URBA_AUDIT\Working\URAU.gdb\NO_CITY,Shape_Length,-1,-1,J:\develop\Database-Updates\URBA_AUDIT\Working\URAU.gdb\PL_CITY,Shape_Length,-1,-1,J:\develop\Database-Updates\URBA_AUDIT\Working\URAU.gdb\PT_CITY,Shape_Length,-1,-1,J:\develop\Database-Updates\URBA_AUDIT\Working\URAU.gdb\RO_CITY,Shape_Length,-1,-1,J:\develop\Database-Updates\URBA_AUDIT\Working\URAU.gdb\SE_CITY,Shape_Length,-1,-1,J:\develop\Database-Updates\URBA_AUDIT\Working\URAU.gdb\SI_CITY,Shape_Length,-1,-1,J:\develop\Database-Updates\URBA_AUDIT\Working\URAU.gdb\SK_CITY,Shape_Length,-1,-1,J:\develop\Database-Updates\URBA_AUDIT\Working\URAU.gdb\UK_CITY,Shape_Length,-1,-1;Shape_Area "Shape_Area" false true true 8 Double 0 0 ,First,#,J:\develop\Database-Updates\URBA_AUDIT\Working\URAU.gdb\BE_CITY,Shape_Area,-1,-1,J:\develop\Database-Updates\URBA_AUDIT\Working\URAU.gdb\BG_CITY,Shape_Area,-1,-1,J:\develop\Database-Updates\URBA_AUDIT\Working\URAU.gdb\CH_CITY,Shape_Area,-1,-1,J:\develop\Database-Updates\URBA_AUDIT\Working\URAU.gdb\CY_CITY,Shape_Area,-1,-1,J:\develop\Database-Updates\URBA_AUDIT\Working\URAU.gdb\CZ_CITY,Shape_Area,-1,-1,J:\develop\Database-Updates\URBA_AUDIT\Working\URAU.gdb\DE_CITY,Shape_Area,-1,-1,J:\develop\Database-Updates\URBA_AUDIT\Working\URAU.gdb\DK_CITY,Shape_Area,-1,-1,J:\develop\Database-Updates\URBA_AUDIT\Working\URAU.gdb\EE_CITY,Shape_Area,-1,-1,J:\develop\Database-Updates\URBA_AUDIT\Working\URAU.gdb\EL_CITY,Shape_Area,-1,-1,J:\develop\Database-Updates\URBA_AUDIT\Working\URAU.gdb\ES_CITY,Shape_Area,-1,-1,J:\develop\Database-Updates\URBA_AUDIT\Working\URAU.gdb\FI_CITY,Shape_Area,-1,-1,J:\develop\Database-Updates\URBA_AUDIT\Working\URAU.gdb\HR_CITY,Shape_Area,-1,-1,J:\develop\Database-Updates\URBA_AUDIT\Working\URAU.gdb\HU_CITY,Shape_Area,-1,-1,J:\develop\Database-Updates\URBA_AUDIT\Working\URAU.gdb\IE_CITY,Shape_Area,-1,-1,J:\develop\Database-Updates\URBA_AUDIT\Working\URAU.gdb\IS_CITY,Shape_Area,-1,-1,J:\develop\Database-Updates\URBA_AUDIT\Working\URAU.gdb\IT_CITY,Shape_Area,-1,-1,J:\develop\Database-Updates\URBA_AUDIT\Working\URAU.gdb\LT_CITY,Shape_Area,-1,-1,J:\develop\Database-Updates\URBA_AUDIT\Working\URAU.gdb\LU_CITY,Shape_Area,-1,-1,J:\develop\Database-Updates\URBA_AUDIT\Working\URAU.gdb\LV_CITY,Shape_Area,-1,-1,J:\develop\Database-Updates\URBA_AUDIT\Working\URAU.gdb\MT_CITY,Shape_Area,-1,-1,J:\develop\Database-Updates\URBA_AUDIT\Working\URAU.gdb\ND_CITY,Shape_Area,-1,-1,J:\develop\Database-Updates\URBA_AUDIT\Working\URAU.gdb\NL_CITY,Shape_Area,-1,-1,J:\develop\Database-Updates\URBA_AUDIT\Working\URAU.gdb\NO_CITY,Shape_Area,-1,-1,J:\develop\Database-Updates\URBA_AUDIT\Working\URAU.gdb\PL_CITY,Shape_Area,-1,-1,J:\develop\Database-Updates\URBA_AUDIT\Working\URAU.gdb\PT_CITY,Shape_Area,-1,-1,J:\develop\Database-Updates\URBA_AUDIT\Working\URAU.gdb\RO_CITY,Shape_Area,-1,-1,J:\develop\Database-Updates\URBA_AUDIT\Working\URAU.gdb\SE_CITY,Shape_Area,-1,-1,J:\develop\Database-Updates\URBA_AUDIT\Working\URAU.gdb\SI_CITY,Shape_Area,-1,-1,J:\develop\Database-Updates\URBA_AUDIT\Working\URAU.gdb\SK_CITY,Shape_Area,-1,-1,J:\develop\Database-Updates\URBA_AUDIT\Working\URAU.gdb\UK_CITY,Shape_Area,-1,-1" #</Process><Process ToolSource="c:\program files (x86)\arcgis\desktop10.1\ArcToolbox\Toolboxes\Data Management Tools.tbx\Append" Date="20141126" Time="181152" Name="" export="">Append FR_CITY J:\develop\Database-Updates\URBA_AUDIT\Working\URAU_COMBINED.gdb\AT_CITY NO_TEST "AT__URAU_CITY_ID "AT__URAU_CITY_ID" true true false 255 Text 0 0 ,First,#,J:\develop\Database-Updates\URBA_AUDIT\Working\URAU.gdb\FR_CITY,FR__URAU_CITY_ID,-1,-1;Shape_Length "Shape_Length" false true true 8 Double 0 0 ,First,#,J:\develop\Database-Updates\URBA_AUDIT\Working\URAU.gdb\FR_CITY,Shape_Length,-1,-1;Shape_Area "Shape_Area" false true true 8 Double 0 0 ,First,#,J:\develop\Database-Updates\URBA_AUDIT\Working\URAU.gdb\FR_CITY,Shape_Area,-1,-1" #</Process><Process ToolSource="c:\program files (x86)\arcgis\desktop10.1\ArcToolbox\Toolboxes\Data Management Tools.tbx\Dissolve" Date="20141201" Time="110304" Name="" export="">Dissolve URAU_CITY \\s-tlar\development\develop\Database-Updates\URBA_AUDIT\Working\URAU_COMBINED.gdb\URAU_CITY_diss AT__URAU_CITY_ID # MULTI_PART DISSOLVE_LINES</Process><Process ToolSource="c:\program files (x86)\arcgis\desktop10.1\ArcToolbox\Toolboxes\Data Management Tools.tbx\CalculateField" Date="20141201" Time="111404" Name="" export="">CalculateField URAU_RG_100K URAU_CODE [AT__URAU_CITY_ID] VB #</Process><Process ToolSource="c:\program files (x86)\arcgis\desktop10.1\ArcToolbox\Toolboxes\Data Management Tools.tbx\CalculateField" Date="20141201" Time="111417" Name="" export="">CalculateField URAU_RG_100K URAU_CODE "[AT__URAU_CITY_ID]" VB #</Process><Process ToolSource="c:\program files (x86)\arcgis\desktop10.1\ArcToolbox\Toolboxes\Data Management Tools.tbx\CalculateField" Date="20141201" Time="111500" Name="" export="">CalculateField URAU_RG_100K URAU_CODE Left( [AT__URAU_CITY_ID],7 ) VB #</Process><Process ToolSource="c:\program files (x86)\arcgis\desktop10.1\ArcToolbox\Toolboxes\Data Management Tools.tbx\CalculateField" Date="20141201" Time="111549" Name="" export="">CalculateField URAU_RG_100K URAU_CODE [AT__URAU_CITY_ID] VB #</Process><Process ToolSource="c:\program files (x86)\arcgis\desktop10.1\ArcToolbox\Toolboxes\Data Management Tools.tbx\CalculateField" Date="20141201" Time="111647" Name="" export="">CalculateField URAU_RG_100K URAU_CATG C VB #</Process><Process ToolSource="c:\program files (x86)\arcgis\desktop10.1\ArcToolbox\Toolboxes\Data Management Tools.tbx\CalculateField" Date="20141201" Time="111656" Name="" export="">CalculateField URAU_RG_100K URAU_CATG "C" VB #</Process><Process ToolSource="c:\program files (x86)\arcgis\desktop10.1\ArcToolbox\Toolboxes\Data Management Tools.tbx\Append" Date="20141201" Time="111805" Name="" export="">Append URAU_FUA_diss URAU_RG_100K NO_TEST "Shape_Length "Shape_Length" false true true 8 Double 0 0 ,First,#,\\s-tlar\development\develop\Database-Updates\URBA_AUDIT\Working\URAU_COMBINED.gdb\URAU_FUA_diss,Shape_Length,-1,-1;Shape_Area "Shape_Area" false true true 8 Double 0 0 ,First,#,\\s-tlar\development\develop\Database-Updates\URBA_AUDIT\Working\URAU_COMBINED.gdb\URAU_FUA_diss,Shape_Area,-1,-1;URAU_CODE "URAU_CODE" true true false 50 Text 0 0 ,First,#,\\s-tlar\development\develop\Database-Updates\URBA_AUDIT\Working\URAU_COMBINED.gdb\URAU_FUA_diss,AT__URAU_FUA_ID,-1,-1;URAU_CATG "URAU_CATG" true true false 5 Text 0 0 ,First,#" #</Process><Process ToolSource="c:\program files (x86)\arcgis\desktop10.1\ArcToolbox\Toolboxes\Data Management Tools.tbx\CalculateField" Date="20141201" Time="111834" Name="" export="">CalculateField URAU_RG_100K URAU_CATG "F" VB #</Process><Process ToolSource="c:\program files (x86)\arcgis\desktop10.1\ArcToolbox\Toolboxes\Data Management Tools.tbx\Append" Date="20141201" Time="111945" Name="" export="">Append URAU_KERNEL_diss URAU_RG_100K NO_TEST "Shape_Length "Shape_Length" false true true 8 Double 0 0 ,First,#,\\s-tlar\development\develop\Database-Updates\URBA_AUDIT\Working\URAU_COMBINED.gdb\URAU_KERNEL_diss,Shape_Length,-1,-1;Shape_Area "Shape_Area" false true true 8 Double 0 0 ,First,#,\\s-tlar\development\develop\Database-Updates\URBA_AUDIT\Working\URAU_COMBINED.gdb\URAU_KERNEL_diss,Shape_Area,-1,-1;URAU_CODE "URAU_CODE" true true false 50 Text 0 0 ,First,#,\\s-tlar\development\develop\Database-Updates\URBA_AUDIT\Working\URAU_COMBINED.gdb\URAU_KERNEL_diss,CH__URAU_KERNEL_ID,-1,-1;URAU_CATG "URAU_CATG" true true false 5 Text 0 0 ,First,#" #</Process><Process ToolSource="c:\program files (x86)\arcgis\desktop10.1\ArcToolbox\Toolboxes\Data Management Tools.tbx\CalculateField" Date="20141201" Time="112013" Name="" export="">CalculateField URAU_RG_100K URAU_CATG "K" VB #</Process><Process ToolSource="c:\program files (x86)\arcgis\desktop10.1\ArcToolbox\Toolboxes\Data Management Tools.tbx\Append" Date="20150108" Time="165652" Name="" export="">Append City_Greece;City_FUA;City_Kernel URAU_RG_100K_2014 NO_TEST "Shape_Length "Shape_Length" false true true 8 Double 0 0 ,First,#,H:\My Documents\ArcGIS\Default.gdb\City_Greece,Shape_Length,-1,-1,H:\My Documents\ArcGIS\Default.gdb\City_FUA,Shape_Length,-1,-1,H:\My Documents\ArcGIS\Default.gdb\City_Kernel,Shape_Length,-1,-1;Shape_Area "Shape_Area" false true true 8 Double 0 0 ,First,#,H:\My Documents\ArcGIS\Default.gdb\City_Greece,Shape_Area,-1,-1,H:\My Documents\ArcGIS\Default.gdb\City_FUA,Shape_Area,-1,-1,H:\My Documents\ArcGIS\Default.gdb\City_Kernel,Shape_Area,-1,-1;URAU_CODE "URAU_CODE" true true false 50 Text 0 0 ,First,#,H:\My Documents\ArcGIS\Default.gdb\City_Greece,EL__URAU_CITY_ID,-1,-1,H:\My Documents\ArcGIS\Default.gdb\City_FUA,EL__URAU_FUA_ID,-1,-1,H:\My Documents\ArcGIS\Default.gdb\City_Kernel,EL__URAU_KERNEL_ID,-1,-1;URAU_CATG "URAU_CATG" true true false 5 Text 0 0 ,First,#" #</Process><Process ToolSource="c:\program files (x86)\arcgis\desktop10.1\ArcToolbox\Toolboxes\Data Management Tools.tbx\CopyFeatures" Date="20150506" Time="135521" Name="" export="">CopyFeatures J:\develop\Database-Updates\URBA_AUDIT\Working\URAU_2014.gdb\URAU_RG_100K_2011_2014 \\s-tpol\connection-files\DEV\DEV-DIRECT-GISCO-11g.sde\GISCO.URAU_2011_2014\GISCO.URAU_RG_100K_2011_2014 # 0 0 0</Process><Process ToolSource="c:\program files (x86)\arcgis\desktop10.1\ArcToolbox\Toolboxes\Data Management Tools.tbx\CopyFeatures" Date="20151214" Time="161605">CopyFeatures \\s-tpol\connection-files\PROD\PROD-DIRECT-GISCOVIEW.sde\GISCO.URAU_2011_2014\GISCO.URAU_RG_100K_2011_2014 J:\develop\JIRA-2015\GISCO-653_Download_packages\Urban_Audit\Urban_audit_2011_2014_SH\URAU_RG_100K_2011_2014.shp # 0 0 0</Process></lineage><itemProps><itemLocation><linkage Sync="TRUE">file://\\s-tlar\development\develop\JIRA-2015\GISCO-653_Download_packages\Urban_Audit\Urban_audit_2011_2014_SH\URAU_RG_100K_2011_2014.shp</linkage><protocol Sync="TRUE">Local Area Network</protocol></itemLocation><itemName Sync="TRUE">URAU_RG_100K_2011_2014</itemName><imsContentType Sync="TRUE">002</imsContentType><nativeExtBox><westBL Sync="TRUE">-61.119095</westBL><eastBL Sync="TRUE">55.646263</eastBL><southBL Sync="TRUE">-21.015121</southBL><northBL Sync="TRUE">70.311111</northBL><exTypeCode Sync="TRUE">1</exTypeCode></nativeExtBox><itemSize Sync="TRUE">0.000</itemSize></itemProps><coordRef><type Sync="TRUE">Geographic</type><geogcsn Sync="TRUE">GCS_ETRS_1989</geogcsn><csUnits Sync="TRUE">Angular Unit: Degree (0.017453)</csUnits><peXml Sync="TRUE">&lt;GeographicCoordinateSystem xsi:type='typens:GeographicCoordinateSystem' xmlns:xsi='http://www.w3.org/2001/XMLSchema-instance' xmlns:xs='http://www.w3.org/2001/XMLSchema' xmlns:typens='http://www.esri.com/schemas/ArcGIS/10.1'&gt;&lt;WKT&gt;GEOGCS[&amp;quot;GCS_ETRS_1989&amp;quot;,DATUM[&amp;quot;D_ETRS_1989&amp;quot;,SPHEROID[&amp;quot;GRS_1980&amp;quot;,6378137.0,298.257222101]],PRIMEM[&amp;quot;Greenwich&amp;quot;,0.0],UNIT[&amp;quot;Degree&amp;quot;,0.0174532925199433],AUTHORITY[&amp;quot;EPSG&amp;quot;,4258]]&lt;/WKT&gt;&lt;XOrigin&gt;-400&lt;/XOrigin&gt;&lt;YOrigin&gt;-400&lt;/YOrigin&gt;&lt;XYScale&gt;11258999068426.238&lt;/XYScale&gt;&lt;ZOrigin&gt;-100000&lt;/ZOrigin&gt;&lt;ZScale&gt;10000&lt;/ZScale&gt;&lt;MOrigin&gt;-100000&lt;/MOrigin&gt;&lt;MScale&gt;10000&lt;/MScale&gt;&lt;XYTolerance&gt;8.9831528411952133e-009&lt;/XYTolerance&gt;&lt;ZTolerance&gt;0.001&lt;/ZTolerance&gt;&lt;MTolerance&gt;0.001&lt;/MTolerance&gt;&lt;HighPrecision&gt;true&lt;/HighPrecision&gt;&lt;LeftLongitude&gt;-180&lt;/LeftLongitude&gt;&lt;WKID&gt;4258&lt;/WKID&gt;&lt;LatestWKID&gt;4258&lt;/LatestWKID&gt;&lt;/GeographicCoordinateSystem&gt;</peXml></coordRef></DataProperties><SyncDate>20151214</SyncDate><SyncTime>16155500</SyncTime><ModDate>20151214</ModDate><ModTime>16155500</ModTime><ArcGISProfile>INSPIRE</ArcGISProfile></Esri><dataIdInfo><envirDesc Sync="TRUE">Microsoft Windows 7 Version 6.1 (Build 7601) Service Pack 1; Esri ArcGIS 10.1.1.3143</envirDesc><dataLang><languageCode value="eng" Sync="TRUE"/><countryCode value="GBR" Sync="TRUE"/></dataLang><idCitation><resTitle Sync="TRUE">URAU_RG_100K_2011_2014</resTitle><presForm><PresFormCd value="005" Sync="TRUE"/></presForm><date><pubDate>20150604</pubDate><createDate>20150205</createDate></date></idCitation><spatRpType><SpatRepTypCd value="001" Sync="TRUE"/></spatRpType><dataExt xmlns=""><geoEle xmlns=""><GeoBndBox esriExtentType="search"><exTypeCode Sync="TRUE">1</exTypeCode><westBL Sync="TRUE">-61.119095</westBL><eastBL Sync="TRUE">55.646263</eastBL><northBL Sync="TRUE">70.311111</northBL><southBL Sync="TRUE">-21.015121</southBL></GeoBndBox></geoEle></dataExt><idAbs>&lt;DIV STYLE="text-align:Left;"&gt;&lt;DIV&gt;&lt;P&gt;&lt;SPAN&gt;This dataset contains the boundaries of cities, greater cities and functional urban areas, defined according to the EC-OECD city definition and used for the Eurostat Urban Audit data collection. This dataset contains revisions up to the 1st January 2015. The cities are defined at several conceptual levels: - the core city, using an administrative definition the Functional Urban Area/Large Urban Zone (FUA/LUZ), approximating the functional urban region and for 8 capitals, the City Kernel, a concept introduced to improve comparability between large cities. Geometry was derived from Eurogeographics Euroboundarymap (EBM) v6 and 6.2. The coverage is the EU-28 plus Iceland (IS), Norway (NO) and Switzerland (CH). The dataset includes polygon, point and attribute table which can be joined on the URAU code field.&lt;/SPAN&gt;&lt;/P&gt;&lt;P&gt;&lt;SPAN /&gt;&lt;/P&gt;&lt;P&gt;&lt;SPAN&gt;The Urban audit data collection system provides information on different aspects of the quality of urban life in a cross-section of Europe’s cities. The Urban audit is the result of a joint effort by the participating cities, the statistical offices belonging to the European statistical system (ESS) and the European Commission’s Directorate-General for Regional Policy. At present the Urban audit includes 321 cities from the 27 European Union (EU) Member States, 26 Turkish cities, six Norwegian cities and four Swiss cities; in the course of 2008 data collection from five Croatian cities was started&lt;/SPAN&gt;&lt;/P&gt;&lt;/DIV&gt;&lt;/DIV&gt;</idAbs><themeKeys xmlns=""><thesaName xmlns=""><resTitle>GEMET - INSPIRE themes, version 1.0</resTitle><date><pubDate>2008-01-06T00:00:00</pubDate></date></thesaName><keyword>Administrative units</keyword></themeKeys><themeKeys xmlns=""><thesaName xmlns=""><resTitle>GEMET - INSPIRE themes, version 1.0</resTitle><date><pubDate>2008-01-06T00:00:00</pubDate></date></thesaName><keyword>Statistical units</keyword></themeKeys><dataChar><CharSetCd value="004"/></dataChar><dataScale xmlns=""><equScale><rfDenom>100000</rfDenom></equScale><scaleDist><value uom="m"/></scaleDist></dataScale><resConst><LegConsts><accessConsts><RestrictCd value="008"/></accessConsts><othConsts>(e) intellectual property rights</othConsts></LegConsts></resConst><idPoC xmlns=""><rpOrgName>European Commission, Eurostat (ESTAT), GISCO</rpOrgName><rpCntInfo><cntAddress addressType=""><eMailAdd>estat-gisco@ec.europa.eu</eMailAdd></cntAddress></rpCntInfo></idPoC><tpCat><TopicCatCd value="003"/></tpCat></dataIdInfo><mdLang><languageCode value="eng" Sync="TRUE"/><countryCode value="GBR" Sync="TRUE"/></mdLang><distInfo><distFormat><formatName Sync="TRUE">Shapefile</formatName></distFormat><distTranOps><transSize Sync="TRUE">0.000</transSize></distTranOps></distInfo><mdHrLv><ScopeCd value="005" Sync="TRUE"/></mdHrLv><mdHrLvName Sync="TRUE">dataset</mdHrLvName><refSysInfo><RefSystem><refSysID><identCode code="4258" Sync="TRUE"/><idCodeSpace Sync="TRUE">EPSG</idCodeSpace><idVersion Sync="TRUE">7.11.2</idVersion></refSysID></RefSystem></refSysInfo><spatRepInfo><VectSpatRep><geometObjs Name="URAU_RG_100K_2011_2014"><geoObjTyp><GeoObjTypCd value="002" Sync="TRUE"></GeoObjTypCd></geoObjTyp><geoObjCnt Sync="TRUE">0</geoObjCnt></geometObjs><topLvl><TopoLevCd value="001" Sync="TRUE"></TopoLevCd></topLvl></VectSpatRep></spatRepInfo><spdoinfo><ptvctinf><esriterm Name="URAU_RG_100K_2011_2014"><efeatyp Sync="TRUE">Simple</efeatyp><efeageom code="4" Sync="TRUE"></efeageom><esritopo Sync="TRUE">FALSE</esritopo><efeacnt Sync="TRUE">0</efeacnt><spindex Sync="TRUE">FALSE</spindex><linrefer Sync="TRUE">FALSE</linrefer></esriterm></ptvctinf></spdoinfo><eainfo><detailed Name="URAU_RG_100K_2011_2014" xmlns=""><enttyp><enttypl Sync="TRUE">URAU_RG_100K_2011_2014</enttypl><enttypt Sync="TRUE">Feature Class</enttypt><enttypc Sync="TRUE">0</enttypc></enttyp><attr><attrlabl Sync="TRUE">FID</attrlabl><attalias Sync="TRUE">FID</attalias><attrtype Sync="TRUE">OID</attrtype><attwidth Sync="TRUE">4</attwidth><atprecis Sync="TRUE">0</atprecis><attscale Sync="TRUE">0</attscale><attrdef Sync="TRUE">Internal feature number.</attrdef><attrdefs Sync="TRUE">Esri</attrdefs><attrdomv><udom Sync="TRUE">Sequential unique whole numbers that are automatically generated.</udom></attrdomv></attr><attr xmlns=""><attrlabl Sync="TRUE">URAU_CODE</attrlabl><attalias Sync="TRUE">URAU_CODE</attalias><attrtype Sync="TRUE">String</attrtype><attwidth Sync="TRUE">50</attwidth><atprecis Sync="TRUE">0</atprecis><attscale Sync="TRUE">0</attscale></attr><attr xmlns=""><attrlabl Sync="TRUE">URAU_CATG</attrlabl><attalias Sync="TRUE">URAU_CATG</attalias><attrtype Sync="TRUE">String</attrtype><attwidth Sync="TRUE">5</attwidth><atprecis Sync="TRUE">0</atprecis><attscale Sync="TRUE">0</attscale></attr><attr xmlns=""><attrlabl Sync="TRUE">Shape</attrlabl><attalias Sync="TRUE">Shape</attalias><attrtype Sync="TRUE">Geometry</attrtype><attwidth Sync="TRUE">0</attwidth><atprecis Sync="TRUE">0</atprecis><attscale Sync="TRUE">0</attscale><attrdef Sync="TRUE">Feature geometry.</attrdef><attrdefs Sync="TRUE">Esri</attrdefs><attrdomv><udom Sync="TRUE">Coordinates defining the features.</udom></attrdomv></attr><attr><attrlabl Sync="TRUE">SHAPE_AREA</attrlabl><attalias Sync="TRUE">SHAPE_AREA</attalias><attrtype Sync="TRUE">Double</attrtype><attwidth Sync="TRUE">19</attwidth><atprecis Sync="TRUE">0</atprecis><attscale Sync="TRUE">0</attscale><attrdef Sync="TRUE">Area of feature in internal units squared.</attrdef><attrdefs Sync="TRUE">Esri</attrdefs><attrdomv><udom Sync="TRUE">Positive real numbers that are automatically generated.</udom></attrdomv></attr><attr><attrlabl Sync="TRUE">SHAPE_LEN</attrlabl><attalias Sync="TRUE">SHAPE_LEN</attalias><attrtype Sync="TRUE">Double</attrtype><attwidth Sync="TRUE">19</attwidth><atprecis Sync="TRUE">0</atprecis><attscale Sync="TRUE">0</attscale></attr></detailed><detailed xmlns=""><enttyp><enttypl>GISCO_URAU_AT_2011_2014</enttypl></enttyp></detailed></eainfo><mdDateSt Sync="TRUE">20151214</mdDateSt><mdContact xmlns=""><rpOrgName>European Commission, Eurostat (ESTAT), GISCO</rpOrgName><rpCntInfo><cntAddress addressType=""><eMailAdd>estat-gisco@ec.europa.eu</eMailAdd></cntAddress></rpCntInfo></mdContact><mdFileID>fe9d4c0b-b9fa-4763-835c-de4a510ea207</mdFileID><dqInfo xmlns=""><dataLineage><statement>The boundaries are derived from the local administrative boundary datasets (census 2011 reference), managed by Eurostat-GISCO and based on EuroGeographics EuroBoundaryMap v.6 and EBM 6.2. Further adaptations to in Switzerland due to  changes in LAU geometry not yet reflected in EBM versions. Boundaries for Croatian cities are not yet confirmed to be complete.</statement></dataLineage><dqScope value="005"><scpLvl><ScopeCd value="005"></ScopeCd></scpLvl></dqScope><report type="DQDomConsis" dimension="horizontal"><measResult><ConResult><conExpl>See the referenced specification</conExpl></ConResult></measResult></report></dqInfo></metadata>
